{
  "orig_desktop": {
    "doc": {
      "w": 1512,
      "h": 8840
    },
    "header": {
      "x": 0,
      "y": 32,
      "w": 1512,
      "h": 108.5625
    },
    "hero": {
      "x": 0,
      "y": 32,
      "w": 1512,
      "h": 1000
    },
    "heroImg": {
      "x": 1046.859375,
      "y": 170.1875,
      "w": 395.125,
      "h": 514.859375
    },
    "heroImg2": {
      "x": 893.1875,
      "y": 476.515625,
      "w": 285.359375,
      "h": 347.28125
    },
    "heroHeading": {
      "x": 147.3125,
      "y": 212.1875,
      "w": 618.546875,
      "h": 195.40625
    }
  },
  "orig_mobile": {
    "doc": {
      "w": 390,
      "h": 14145
    },
    "header": {
      "x": 0,
      "y": 32,
      "w": 390,
      "h": 46
    },
    "hero": {
      "x": 0,
      "y": 46,
      "w": 390,
      "h": 863.1875
    },
    "heroImg": {
      "x": 0,
      "y": 0,
      "w": 0,
      "h": 0
    },
    "heroImg2": {
      "x": 0,
      "y": 0,
      "w": 0,
      "h": 0
    },
    "heroHeading": {
      "x": 20,
      "y": 121.53125,
      "w": 350,
      "h": 117.125
    }
  },
  "static_desktop": {
    "doc": {
      "w": 1512,
      "h": 8234
    },
    "header": {
      "x": 0,
      "y": 0,
      "w": 1512,
      "h": 115.796875
    },
    "hero": {
      "x": 0,
      "y": 0,
      "w": 1512,
      "h": 1000
    },
    "heroImg": {
      "x": 1046.859375,
      "y": 184.50942993164062,
      "w": 395.125,
      "h": 514.859375
    },
    "heroImg2": {
      "x": 893.1875,
      "y": 446.599853515625,
      "w": 285.359375,
      "h": 347.28125
    },
    "heroHeading": {
      "x": 147.3125,
      "y": 217.640625,
      "w": 618.546875,
      "h": 339.890625
    }
  },
  "static_mobile": {
    "doc": {
      "w": 390,
      "h": 14483
    },
    "header": {
      "x": 0,
      "y": 0,
      "w": 390,
      "h": 47
    },
    "hero": {
      "x": 0,
      "y": 0,
      "w": 390,
      "h": 863.1875
    },
    "heroImg": {
      "x": 0,
      "y": 0,
      "w": 0,
      "h": 0
    },
    "heroImg2": {
      "x": 0,
      "y": 0,
      "w": 0,
      "h": 0
    },
    "heroHeading": {
      "x": 20,
      "y": 106.03125,
      "w": 350,
      "h": 107.125
    }
  }
}